id,name,count
2,terrainFiller,8643
16,terrGravel,1399
259,woodShapes:cube,792
268,woodShapes:cubeHalfCorner,4
274,woodShapes:cubeHalf,538
282,woodShapes:cubeCornerBeveled,4
292,woodShapes:cubeHalfPoleQuarterSideCentered,8
293,woodShapes:halfQuarterPost,20
297,woodShapes:cubeQuarter,2
303,woodShapes:quarterInsideCorner3way,2
316,woodShapes:pole,105
318,woodShapes:poleSideCentered,13
358,woodShapes:poleSquareDiagonal,20
380,woodShapes:cubeHalfPlateCorner2,1
383,woodShapes:plate,25
413,woodShapes:plateHalf,6
428,woodShapes:platePoleCorner2,22
430,woodShapes:poleTwoWayPlate2,4
434,woodShapes:poleThreeWayPlate2,10
505,woodShapes:pillar0.05,4
700,woodShapes:plateQuarterRoundOutside,1
741,woodShapes:wedge60,84
742,woodShapes:wedge60Tip,323
748,woodShapes:wedge60Corner,3
749,woodShapes:wedge60TipCorner,9
750,woodShapes:wedge60InsideCorner2,3
751,woodShapes:wedge60InsideCorner,7
754,woodShapes:wedge60Incline,107
766,woodShapes:wedge60InclineCorner,4
918,woodShapes:wedge60TipWedgeTipLeft,2
919,woodShapes:wedge60TipWedgeTipRight,1
943,woodShapes:wedgeTipQuarter,24
952,woodShapes:gableQuarterHalf,2
954,woodShapes:gable3Quarter,10
963,woodShapes:gablePlateHalf,1
977,woodShapes:cubeHalfgableInvertedQuarter,17
984,woodShapes:gableWedge60CubeHalf,1
1028,woodShapes:plateRamp,19
1050,woodShapes:plateWedge60TipCubeHalf02,3
1051,woodShapes:plateWedge60Tip,24
1052,woodShapes:plateWedge60TipHalfLeft,5
1053,woodShapes:plateWedge60TipHalfRight,5
1058,woodShapes:plateWedge60Incline,120
1059,woodShapes:plateWedge60InclineHalfLeft,7
1060,woodShapes:plateWedge60InclineHalfRight,6
1062,woodShapes:plateWedge60FillerHalfLeft,4
1063,woodShapes:plateWedge60FillerHalfRight,4
1079,woodShapes:plateWedge60InclineOutsideCorner,3
1081,woodShapes:plateWedge60InclineInsideCorner,3
1109,woodShapes:slopePlate01,2
1110,woodShapes:slopePlate02,2
1111,woodShapes:slopePlate03,2
1112,woodShapes:slopePlate04,2
1180,woodShapes:wedge60TipPillar0.025,4
1189,woodShapes:cubeHalfGableInvertedQuarterPillar0.025,1
1200,woodShapes:stairs,1
1202,woodShapes:stairsRailing,5
1329,woodShapes:railing,7
1332,woodShapes:railingBroke01,3
1407,woodShapes:cubeTrimHalfSplit4Sided,1
1408,woodShapes:cubeTrimHalfSplit,5
1413,woodShapes:halfTrimSplit2,1
1478,woodShapes:cubeTrimQuarterEdge,8
1571,woodShapes:cubeTrimHalfSplitDiagonal,2
1588,woodShapes:cubeTrimQuarterEdgeTwoSided,52
1670,woodShapes:cubeHeatVent,1
1678,woodShapes:plateTrimSplit,3
1723,woodShapes:doorTrimCorner,8
1725,woodShapes:doorTrim0.5m,2
1727,woodShapes:doorTrim1m,95
1731,woodShapes:doorTrim1mDouble,14
1734,woodShapes:doorTrimTop,29
1818,woodShapes:windowStoreThreeSidedFull,27
1819,woodShapes:windowStoreFourSidedFull,18
1820,woodShapes:windowStoreCornerFull,1
1833,woodShapes:windowStoreThreeSidedBroken,7
1834,woodShapes:windowStoreFourSidedBroken,8
1835,woodShapes:windowStoreCornerBroken,4
2050,woodShapes:windowBoarded,19
2082,woodShapes:cubeTrimDestroyed04,4
2122,woodShapes:plateDiagonalDestroyed02,3
2125,woodShapes:plateDiagonalDestroyed05,6
2127,woodShapes:plateWedge60InclineDestroyed,6
2128,woodShapes:plateWedge60InclineDestroyed02,5
2147,woodShapes:sidingBurnt01,2
2148,woodShapes:sidingBurnt02,1
2149,woodShapes:sidingBurnt03,2
2150,woodShapes:sidingBurnt04,1
2151,woodShapes:sidingBurnt05,1
2152,woodShapes:sidingBurnt06,1
2153,woodShapes:sidingBurnt07,1
2154,woodShapes:woodDebris01,2
2155,woodShapes:woodDebris02,1
2156,woodShapes:woodDebris03,2
2159,woodShapes:shantywall03,3
2218,woodShapes:dynamicGrate,1
2242,woodShapes:plateCounter,2
2243,woodShapes:plateCounter02,1
2244,woodShapes:plateCounter03,1
2246,woodShapes:plateCounterHole,2
2253,woodShapes:cubeBookcase,5
2263,woodShapes:bookcaseHalfEmptyOffset,2
2266,woodShapes:bookcaseQuarterDoubleEmpty,2
2278,woodShapes:verticalBlindsTop,1
2279,woodShapes:verticalBlindsTop2,1
2280,woodShapes:verticalBlindsBottom,1
2412,woodShapes:cubeHalfDrainCenteredOffset,4
2458,woodShapes:barrierGateBase2,1
2459,woodShapes:barrierGateMiddle,4
2460,woodShapes:barrierGateTip,1
2517,brickShapes:cube,169
2963,brickShapes:ramp,4
2999,brickShapes:wedge60,4
3000,brickShapes:wedge60Tip,8
3126,brickShapes:wedgeNarrowHigh,4
3127,brickShapes:wedgeNarrowMid,4
3736,brickShapes:cubeTrimQuarterEdge,34
3771,brickShapes:cubeTrimQuarterCornerInside,2
3846,brickShapes:cubeTrimQuarterEdgeTwoSided,20
3858,brickShapes:cubeTrimQuarterCornerOutsideThreeSided,4
7033,concreteShapes:cube,415
7048,concreteShapes:cubeHalf,46
7055,concreteShapes:cube0.25m,9
7071,concreteShapes:cubeQuarter,22
7229,concreteShapes:pillar100,1
7319,concreteShapes:3mTubeCenter,4
7320,concreteShapes:3mTubeCorner,4
7461,concreteShapes:cornerRound,2
7480,concreteShapes:cubeHalfRamp,8
7624,concreteShapes:cubeHalfWedge60BevelLeft,1
7625,concreteShapes:cubeHalfWedge60BevelRight,1
7630,concreteShapes:wedge60TipHalfLeft,1
7631,concreteShapes:wedge60TipHalfRight,1
7642,concreteShapes:wedgeNarrowHigh,9
7643,concreteShapes:wedgeNarrowMid,4
7644,concreteShapes:wedgeNarrowLow,4
7645,concreteShapes:wedgeNarrowTip,4
7649,concreteShapes:wedgeNarrowLowCorner,16
7777,concreteShapes:rampInclineFiller,4
7965,concreteShapes:stairsFilledVerticalUV,8
8116,concreteShapes:cubeBaseboard,38
8120,concreteShapes:cubeBaseboard2Sided,1
8252,concreteShapes:cubeTrimQuarterEdge,6
8261,concreteShapes:cubeTrimQuarter2Sided,9
8428,concreteShapes:wedgeNarrowHighLeftTrim2Sided,3
8429,concreteShapes:wedgeNarrowMidLeftTrim2Sided,3
8430,concreteShapes:wedgeNarrowLowLeftTrim2Sided,3
8431,concreteShapes:wedgeNarrowTipLeftTrim2Sided,3
8434,concreteShapes:wedgeNarrowHighRightTrim2Sided,3
8435,concreteShapes:wedgeNarrowMidRightTrim2Sided,3
8436,concreteShapes:wedgeNarrowLowRightTrim2Sided,3
8437,concreteShapes:wedgeNarrowTipRightTrim2Sided,3
9009,concreteShapes:cupboardCorner,4
9178,concreteShapes:cubeDrainStraight,1
9179,concreteShapes:cubeDrainStraightEnd,7
9181,concreteShapes:cubeDrainEndCap,3
9291,steelShapes:cube,1
13807,corrugatedMetalShapes:cube,36
13822,corrugatedMetalShapes:cubeHalf,12
13829,corrugatedMetalShapes:cube0.25m,1
13845,corrugatedMetalShapes:cubeQuarter,28
13847,corrugatedMetalShapes:quarterCenteredWall,12
13857,corrugatedMetalShapes:cubeQuarter5WayCentered,1
13859,corrugatedMetalShapes:cubeEighth,5
13862,corrugatedMetalShapes:cubeHalfPoleSideCentered,2
13864,corrugatedMetalShapes:pole,127
13865,corrugatedMetalShapes:poleCentered,6
13866,corrugatedMetalShapes:poleSideCentered,5
13867,corrugatedMetalShapes:poleHalf,4
13870,corrugatedMetalShapes:poleTwoWayCorner,8
13881,corrugatedMetalShapes:poleSquareBracketCorner,8
13883,corrugatedMetalShapes:poleSquareBracketCornerPlate02,8
13884,corrugatedMetalShapes:poleSquareBracketLeft,4
13885,corrugatedMetalShapes:poleSquareBracketRight,4
13886,corrugatedMetalShapes:poleSquareBracketDouble,8
13889,corrugatedMetalShapes:poleSquareDouble,23
13892,corrugatedMetalShapes:poleSquareDoubleTopDouble,4
13893,corrugatedMetalShapes:cubePoleCorner,10
13924,corrugatedMetalShapes:cubeQuarterCenteredSquareTop,3
13931,corrugatedMetalShapes:plate,201
13932,corrugatedMetalShapes:plateCentered,12
13933,corrugatedMetalShapes:plateOffCentered,12
13936,corrugatedMetalShapes:plateCladding03,4
13943,corrugatedMetalShapes:plateCorner,20
13945,corrugatedMetalShapes:plateCornerHalfTopOffset,2
13961,corrugatedMetalShapes:plateHalf,23
13966,corrugatedMetalShapes:plateHalfTriangle,4
13975,corrugatedMetalShapes:platePoleCorner,24
13976,corrugatedMetalShapes:platePoleCorner2,66
13977,corrugatedMetalShapes:poleTwoWayPlate,16
13982,corrugatedMetalShapes:poleThreeWayPlate2,4
13995,corrugatedMetalShapes:billboard,127
14015,corrugatedMetalShapes:pillar50,2
14029,corrugatedMetalShapes:pillar50CenterPlate,1
14036,corrugatedMetalShapes:cubeHalfTopPole1mBottom,1
14038,corrugatedMetalShapes:halfBlockPillar50,1
14042,corrugatedMetalShapes:pillar0.0125Centered,14
14044,corrugatedMetalShapes:pillar0.025,2
14046,corrugatedMetalShapes:pillar0.025Centered,1
14050,corrugatedMetalShapes:pillar0.025Double,1
14053,corrugatedMetalShapes:pillar0.05,44
14055,corrugatedMetalShapes:pillar0.05Centered,2
14066,corrugatedMetalShapes:poleSupport,48
14067,corrugatedMetalShapes:poleSupport2,48
14070,corrugatedMetalShapes:poleCross3x1,8
14074,corrugatedMetalShapes:pipeStraight,6
14076,corrugatedMetalShapes:pipeJoint,1
14077,corrugatedMetalShapes:pipeFlange,2
14078,corrugatedMetalShapes:pipeFlangeBottom,1
14081,corrugatedMetalShapes:pipeThin,7
14082,corrugatedMetalShapes:pipeThinCornerDown,4
14083,corrugatedMetalShapes:pipeThinCornerUp,1
14086,corrugatedMetalShapes:pillar375,9
14090,corrugatedMetalShapes:pillar50x25x50Tee,1
14093,corrugatedMetalShapes:3mTubeCenter,12
14094,corrugatedMetalShapes:3mTubeCorner,12
14141,corrugatedMetalShapes:cube5mDomeTop01,1
14142,corrugatedMetalShapes:cube5mDomeTop02,4
14143,corrugatedMetalShapes:cube5mDomeTop03,4
14289,corrugatedMetalShapes:wedge60,28
14290,corrugatedMetalShapes:wedge60Tip,8
14416,corrugatedMetalShapes:wedgeNarrowHigh,4
14417,corrugatedMetalShapes:wedgeNarrowMid,4
14418,corrugatedMetalShapes:wedgeNarrowLow,4
14419,corrugatedMetalShapes:wedgeNarrowTip,4
14421,corrugatedMetalShapes:wedgeNarrowHighCorner,4
14502,corrugatedMetalShapes:gable3Quarter,2
14510,corrugatedMetalShapes:gablePlate,6
14511,corrugatedMetalShapes:gablePlateHalf,4
14512,corrugatedMetalShapes:gablePlateEnd,2
14526,corrugatedMetalShapes:plateHalfInclineOffset,2
14564,corrugatedMetalShapes:plateDiagonal,18
14565,corrugatedMetalShapes:plateDiagonalHalfLeft,2
14566,corrugatedMetalShapes:plateDiagonalHalfRight,2
14576,corrugatedMetalShapes:plateRamp,22
14578,corrugatedMetalShapes:plateRampHalfLeft,4
14579,corrugatedMetalShapes:plateRampHalfRight,4
14583,corrugatedMetalShapes:plateWedge60Left,2
14584,corrugatedMetalShapes:plateWedge60Right,2
14599,corrugatedMetalShapes:plateWedge60Tip,90
14600,corrugatedMetalShapes:plateWedge60TipHalfLeft,12
14601,corrugatedMetalShapes:plateWedge60TipHalfRight,12
14606,corrugatedMetalShapes:plateWedge60Incline,34
14607,corrugatedMetalShapes:plateWedge60InclineHalfLeft,6
14608,corrugatedMetalShapes:plateWedge60InclineHalfRight,6
14609,corrugatedMetalShapes:plateWedge60Filler,18
14610,corrugatedMetalShapes:plateWedge60FillerHalfLeft,8
14611,corrugatedMetalShapes:plateWedge60FillerHalfRight,8
14618,corrugatedMetalShapes:plateWedge60TipWallLeft,2
14619,corrugatedMetalShapes:plateWedge60TipWallRight,2
14632,corrugatedMetalShapes:plateWedge60TipPipe,1
14657,corrugatedMetalShapes:slopePlate01,18
14658,corrugatedMetalShapes:slopePlate02,18
14661,corrugatedMetalShapes:slopeHalfPlateLeft01,2
14662,corrugatedMetalShapes:slopeHalfPlateLeft02,2
14666,corrugatedMetalShapes:slopeHalfPlateRight01,2
14667,corrugatedMetalShapes:slopeHalfPlateRight02,2
14734,corrugatedMetalShapes:gablePlatePillar0.025,2
14735,corrugatedMetalShapes:plateWedge60InclinePillar0.025,4
14751,corrugatedMetalShapes:stairsRailingMetal,19
14856,corrugatedMetalShapes:catwalkV2RailOnly,85
14857,corrugatedMetalShapes:catwalkV2RailOnlyDblCap,2
14858,corrugatedMetalShapes:catwalkV2RailOnlyLeftCap,16
14859,corrugatedMetalShapes:catwalkV2RailOnlyRightCap,6
14861,corrugatedMetalShapes:catwalkV2RailOnlyCorner,17
14862,corrugatedMetalShapes:catwalkV2RailOnlyDiagonal,4
14863,corrugatedMetalShapes:catwalkV2RailOnlyBentLeft,13
14864,corrugatedMetalShapes:catwalkV2RailOnlyBentRight,11
14870,corrugatedMetalShapes:catwalkV2RailOnlyEndLeft,4
14871,corrugatedMetalShapes:catwalkV2RailOnlyEndRight,8
14894,corrugatedMetalShapes:cubeBaseboard2Sided,2
14933,corrugatedMetalShapes:cubeQuarterBaseboardChairRail4Sided,1
14956,corrugatedMetalShapes:cubeTrimHalfSplit,3
15035,corrugatedMetalShapes:cubeTrimQuarter2Sided,14
15055,corrugatedMetalShapes:cubeHalfTrimQuarterSquare,3
15057,corrugatedMetalShapes:cubeTrimQuarterCornerOutside,4
15271,corrugatedMetalShapes:doorTrimCorner,18
15275,corrugatedMetalShapes:doorTrim1m,146
15283,corrugatedMetalShapes:doorTrimTwoSided,8
15285,corrugatedMetalShapes:doorTrimSquare,1
15366,corrugatedMetalShapes:windowStoreThreeSidedFull,8
15367,corrugatedMetalShapes:windowStoreFourSidedFull,2
15376,corrugatedMetalShapes:windowStoreThreeSidedCornerFull,2
15381,corrugatedMetalShapes:windowStoreThreeSidedBroken,5
15382,corrugatedMetalShapes:windowStoreFourSidedBroken,1
15393,corrugatedMetalShapes:windowStoreOneSidedEmpty,37
15519,corrugatedMetalShapes:window01,7
15520,corrugatedMetalShapes:window01Broken,4
15666,corrugatedMetalShapes:plateDestroyed,3
15667,corrugatedMetalShapes:plateDestroyed02,3
15668,corrugatedMetalShapes:plateDestroyed03,5
15670,corrugatedMetalShapes:plateDiagonalDestroyed02,2
15673,corrugatedMetalShapes:plateDiagonalDestroyed05,2
15676,corrugatedMetalShapes:plateWedge60InclineDestroyed02,1
15706,corrugatedMetalShapes:shantywall02,6
15707,corrugatedMetalShapes:shantywall03,16
15708,corrugatedMetalShapes:shantywall04,17
15709,corrugatedMetalShapes:scaffoldingLadder,6
15723,corrugatedMetalShapes:floorJoist2,21
15727,corrugatedMetalShapes:iBeamSmall,30
15728,corrugatedMetalShapes:iBeam,65
15729,corrugatedMetalShapes:iBeamCentered,6
15730,corrugatedMetalShapes:iBeamFoundation,8
15731,corrugatedMetalShapes:iBeamFoundation2,8
15732,corrugatedMetalShapes:iBeamCenteredFoundation,6
15739,corrugatedMetalShapes:iBeamBent,1
15740,corrugatedMetalShapes:iBeamHalfBroken,1
15742,corrugatedMetalShapes:bracket,2
15743,corrugatedMetalShapes:bracketCentered,2
15744,corrugatedMetalShapes:bracketDouble,1
15745,corrugatedMetalShapes:plateBracketCentered,9
15748,corrugatedMetalShapes:trussing,7
15765,corrugatedMetalShapes:securityGatePlate,1
15766,corrugatedMetalShapes:dynamicGrate,5
15769,corrugatedMetalShapes:table,1
15772,corrugatedMetalShapes:prepTable,2
15773,corrugatedMetalShapes:prepTableDynamic,3
15775,corrugatedMetalShapes:prepTableCornerLeft,2
15776,corrugatedMetalShapes:prepTableCornerRight,4
15778,corrugatedMetalShapes:counterFlipDoorClosed,2
15791,corrugatedMetalShapes:plateCounter02,5
15802,corrugatedMetalShapes:cubeCornerBeveledBookcaseEmpty,1
15807,corrugatedMetalShapes:bookcaseEmpty,2
15837,corrugatedMetalShapes:ladderRound,4
15878,corrugatedMetalShapes:farmPlot,1
15882,corrugatedMetalShapes:plateSidewalkBroke01,1
15953,corrugatedMetalShapes:cubeDrainStraightEnd,2
18325,bulletproofShapes:windowStoreTwoSidedBulletproofFull,1
18327,bulletproofShapes:windowStoreThreeSidedBulletproofFull,10
18331,bulletproofShapes:windowStoreCornerBulletproofFull,22
18548,cntWeaponsBagSmall,1
18556,cntAmmoPileMedium,1
18562,cntChemPileSmall,1
18567,cntMedicLootPileB,1
18573,cntFoodPileSmallCornerRandomHelper,1
18577,cntShippingCrateLabEquipment,1
18599,cntLootChestHero,1
18619,cntQuestInfestedT3LootHelper,1
18642,cntFootlockerClosedBrown,1
18670,cntFootlockerGreenRandomLootHelper,1
18676,cntCabinetBottomFiller,1
18677,cntCabinetBottomRandomLootHelper,6
18683,cntCounterHollowCabinetRandomLootHelper,1
18685,cntCupboardCabinetRedTopLootHelper,12
18708,utilitySink,3
18709,sinkKitchen,2
18711,wallMountSinkCommercial,1
18712,counterMountedSinkCommercial,1
18713,counterMountedSinkCommercialOffset,1
18719,showerHead02,4
18720,showerHandle01,3
18725,cntToilet01,1
18727,cntToilet03,2
18731,bathroomStallDoor,2
18733,bathroomStallSupport,2
18736,bathroomStallSCTRBeam,2
18742,cntMedicineCabinetClosed,1
18745,wallMirrorBroken,2
18749,cntPillCaseRandomLootHelper,1
18769,cntbasketLaundryBrownRandomLootHelper,1
18782,laundryLoose,2
18785,cntTrashPile03,1
18789,cntTrashPile07,1
18800,glassBroken_02,1
18802,glassBrokenCapLeft,2
18803,glassBrokenCapRight,1
18805,newspaperDecor02,1
18808,rubbishDecor01,1
18809,rubbishDecor02,1
18812,rubbishDecor05,3
18860,cntBinTrashPlasticBrownRandomLootHelper,2
18864,cntBinTrashPlasticGreenRandomLootHelper,1
18865,cntBinTrashPlasticBlueRandomLootHelper,1
18876,cntDomedTrashCanCornerRandomLootHelper,1
18879,cntBruteStyleTrashCanRandomLootHelper,2
18900,cntUtilityCartEmptyGrey,2
18908,cntUtilityCartFullGrey,1
18920,cntJanitorCartRandomLootHelper,1
18921,cntCoolerRandomLootHelper,1
18970,cntSportsBag02RandomLootHelper,1
18980,airConditioner,2
18981,airConditionVentFan,1
18983,satelliteUnitLarge,1
18986,satelliteUnitSmallWall,2
19031,controlPanelTop03Green,1
19035,controlPanelTop07Green,1
19084,breakerBoxClosed,1
19087,breakerBoxWallClosed,1
19090,commercialDistributionBox,1
19093,commercialDualMeter,1
19096,conduit01,1
19101,conduitSingleCentered,1
19102,conduitSingleCenteredEnd,1
19108,powerSwitch02,1
19111,keyRackBoxMetal01,2
19154,loudspeaker,1
19169,cntFridgeStainlessSteelRandomLootHelper,1
19186,cntStoveRandomLootHelper,1
19202,cntWoodBurningStove,1
19206,cntCharcoalGrillRandomLootHelper,1
19224,cntDishwasherBlackRandomLootHelper,1
19228,cntWasherRandomLootHelper,1
19232,cntDryerRandomLootHelper,1
19244,cntMicrowaveRandomLootHelper,1
19251,cntToaster,1
19252,cntCoffeeMaker,1
19253,cntCoffeeMakerCommercial,1
19259,wallClockRandomLootHelper,3
19264,radioHam,1
19268,decoComputerMonitorKeyboardMouse,1
19270,decoComputerMonitorKeyboardMouse2,4
19274,decoLaptop,3
19310,tvCRT,1
19326,lightWallGooseneckGreen,5
19345,ceilingLight04,5
19357,lightCeiling07,8
19358,lightCeiling07_2x2,2
19359,fluorescentLight,1
19360,fluorescentLightBayIntact,3
19361,fluorescentLightBayBroken,1
19363,lightPanelLEDWhite,4
19376,industrialLight01,5
19377,lightIndustrial,1
19378,lightIndustrialRed,1
19379,lightIndustrialMountedWall,9
19384,lightIndustrialHangingBlack,6
19388,lanternDecorLightRed,1
19413,flashlightDecorRed,2
19442,signExitFrameMount,2
19443,signExitFrameMountHigh,1
19451,deskLampLight02Brown,4
19456,deskLampLight02Blue,2
19459,deskLampLight02Black,3
19466,tableLampLight01Green,2
19494,workLightPOI,2
19496,streetLight01,1
19504,spotlightDownStraight_POI,2
19505,spotlightDownRight_POI,1
19508,spotlightUpRight_POI,1
19529,lightDisplayXRayFull,1
19799,tarpHangingGreen,2
19914,sandbagCorner01Short,1
19916,sandbagEnd00,14
19917,sandbagEnd01,4
19926,chainlinkGateDoubleWide,1
19928,chainlinkFenceDoor,5
19930,chainlinkFencePole,6
19931,chainlinkFencePole02,9
19932,chainlinkFencePole03,2
19938,chainlinkFenceMiddleRailPoleLeft,4
19939,chainlinkFenceMiddleRailPoleRight,4
19942,chainlinkFenceTopRailBridge,2
19943,chainlinkFenceTopRailPoleLeft,2
19944,chainlinkFenceTopRailPoleRight,2
19946,chainlinkFenceBottomPlain,85
19947,chainlinkFenceBottomPlainPoleLeft,28
19948,chainlinkFenceBottomPlainPoleRight,21
19949,chainlinkFenceBottomPlainCorner,6
19950,chainlinkFenceTopPlainRail,190
19951,chainlinkFenceTopPlainPoleLeft,64
19952,chainlinkFenceTopPlainPoleRight,50
19953,chainlinkFenceTopPlainCorner,12
20046,pictureFrame_01a,1
20050,pictureFrame_01e,1
20052,pictureFrame_01g,1
20053,pictureFrame_01h,1
20056,pictureFrame_01k,1
20060,pictureFrame_01o,2
20062,pictureFrame_01q,1
20067,pictureFrame_01v,2
20072,pictureFrameJetGirls,1
20074,calendar2034,3
20075,posterCalendarWorkingStiff,2
20078,pictureFramedMedalsLrg,1
20080,pictureFramedMedalsSml,1
20084,pictureDeskFrameBigFam,1
20121,paintingPictureRandomHelper,1
20138,cntBarrelGasSingle45,1
20142,cntBarrelGenericSingle00,2
20143,cntBarrelGenericSingle45,1
20146,cntBarrelOilSingle00,1
20158,cntBarrelPlasticSingle00,2
20159,cntBarrelPlasticSingle45,2
20164,hubCapsHanging,1
20174,decoCarRadiatorFlat,1
20182,decoCarMotorFlat,1
20190,decoCarTireStack,1
20193,decoCarTireFlat02,1
20210,goreBlockHumanCorpse2,1
20249,modularFireWoodStackB,2
20250,modularFireWoodStackC,1
20278,resourceRock01,1
20279,resourceRock02,1
20300,palletBrownBoxesBase,2
20301,palletBrownBoxesTile,3
20302,palletBrownBoxesTop,7
20303,palletBrownBoxesTopSmall,6
20304,palletBrownBoxesLoose,3
20309,palletBricksPartial2,1
20340,palletTarpBaseGreen,1
20341,palletTarpBaseBlue,2
20354,palletTarpTileBlue,1
20364,palletEmpty,3
20365,palletEmptyStack,3
20374,palletCartonMilitaryCap,1
20375,palletCartonMilitaryTile,1
20376,palletCartonMilitaryTileCovered,1
20386,palletBagFlourBaseMed,2
20391,palletBagSandBaseFull,1
20411,palletBagFertilizerSingleBent,1
20413,palletBagBlankBaseFullWhite,1
20416,palletBagBlankCapMedWhite,1
20422,palletBagBlankBaseMedBrown,2
20425,palletBagBlankSingleBentBrown,1
20426,palletBagBlankSingleFlatBrown,1
20530,plantHousePottedCornerBrown,1
20531,plantHousePottedCornerRed,1
20638,ironDoorGreen,1
20644,ironDoorArmyGreen,1
20657,ironDoorDoubleArmyGreen,1
20739,exteriorScreenDoornNoFrame,1
20818,tallCabinetDoorGrey,2
20841,pantryDoorWhite,1
20887,commercialDoorV2Grey,1
20889,commercialDoorV2Oak,4
20928,commercialDoorV4Green,5
20931,commercialDoorV4Grey,1
20933,commercialDoorV4Oak,2
21087,steelGarageDoor4x3Brown,1
21155,rollUpDoor5x4Brown,1
21262,curtainDrapesRod1m,2
21264,curtainDrapesFullTopBrown,1
21286,curtainDrapesFullBottomBrown,1
21330,curtainDrapesRightHalfTopBrown,1
21352,curtainDrapesRightHalfBottomBrown,1
21467,verticalBlindsBottomWhite,8
21486,verticalBlindsBottom2Black,18
21489,verticalBlindsBottomOpenBlack,3
21694,cntArmoireDoorsBlack,3
21716,cntArmoireSideOffsetBlack,4
21718,cntArmoireSideShortWhite,4
21726,cntArmoireSideShortGrey,2
21737,cntArmoireTopBackGrey,2
21738,cntArmoireTopBackBlack,3
21782,cntArmoireDrawerBlackRandomLootHelper,1
21820,cntDeskMetalBrownRandomLootHelper,1
21825,cntDeskMetalBlueRandomLootHelper,1
21827,cntDeskMetalGreyRandomLootHelper,5
21847,decoTableRound,1
21848,decoPicnicTable,2
21880,officeChair01Black,4
21887,oldChair1,3
21890,oldChair1Green,2
21905,chairFoldingMetalUnfoldedGreen,1
21906,chairFoldingMetalUnfoldedBlue,2
21917,chairFoldingMetalFoldedLeaningGreen,3
21929,chairFoldingMetalFoldedFallenGreen,2
21952,barStoolBlue,1
21982,couchUglySmallGreen,1
21994,couchUglyLargeBlue,1
22085,parkBenchB,1
22087,cntWaterCoolerFullSideCentered,2
22089,cntWaterCoolerBottleSideCentered,1
22108,decoPoolTable,1
22111,decoClassicDogHouse,1
22161,bunkBedMadeArmyGreen,3
22174,bunkBedMessyArmyGreen,2
22185,bunkBedRandomHelper,2
22188,bunkBedMattress,1
22231,hospitalBed,2
22238,wheelchairGrey,1
22242,screenCurtainDividerGreen,2
22244,standIV,2
22321,cntToolBoxOpenRed,1
22373,cntRollingToolBoxRandomLootHelperGrey,1
22541,cntStoreShelfSingleBottomPharmaEmpty,1
22544,cntStoreShelfSingleBottomPharmaRandomLootHelper,2
22560,cntShelvesMetalFullA,2
22561,cntShelvesMetalEmpty,3
22654,cntStoreElectronicsBookShelfSpeaker,1
22667,cntClothesRackWallFlat,1
22732,cntBookShelfSingleBottomRandomLootHelper,1
22773,cntBookPile03AirRandomLootHelper,1
22890,restaurantTableEnd,2
22948,cntshelfSupplyOfficeGreyRandomLootHelper,1
22952,cntFileCabinetShortGreenRandomLootHelper,1
22953,cntFileCabinetShortBlueRandomLootHelper,1
22971,cntFileCabinetTallGreenRandomLootHelper,2
22972,cntFileCabinetTallBlueRandomLootHelper,1
22974,cntFileCabinetTallBlackRandomLootHelper,1
23035,schoolSeat01Blue,1
23054,cntLockersTallRandomLootHelper,3
23070,ladderMetal,10
23096,metalStairsBoardRailingTrap,1
23119,decoHoistHook,1
23121,decoHoistTopMount,1
23122,decoHandTruck,2
23274,capChimney,1
23275,capChimneyLarge,2
23301,metalPipeValve,1
23314,pipeSmallWall1x1,1
23315,pipeSmallWall1x3,3
23320,pipeSmallWallValve02,1
23322,pipeSmallWallOutsideCorner,3
23323,pipeSmallWallInsideCorner,1
23457,waterHeaterWhite,1
23527,signRoadStop,1
23534,signPrivateProperty,1
23646,signPosterWantedMissing02,3
23698,signBulletinBoard01,3
23699,signBulletinBoard02,1
23700,signNotice01,1
23701,signNotice02,1
23761,signCanvasWood3x1,1
23863,barbedWireSpindle,28
23864,barbedWireSpindle1m,3
23871,looseBoardsTrapPlate1x1,3
23888,looseCorrugatedMetalTrapPlate,26
24248,cntArmyTruckOpen,1
24388,treeDeadTree01,3
24561,cntStoreCratesRandomLootHelper,3
24567,questRallyMarker,1
24569,cntQuestRandomLootHelper,8
24571,questGeneratorSmall,1
24575,sleeperSit,23
24579,sleeperStomach,9
24580,sleeperIdle,17
24589,sleeperVultureAnimal,1
24591,sleeperZombieDogAnimal,5
24593,infestedSleeperSit,3
24605,infestedSleeperVultureAnimal,1
24611,flagPoleAmerican,1
24630,flagTopWallHungUSA,1
